data_fim,empresa,positiva,regular,negativa,amostra,erro,nsnr,presidente,modo
1995-01-15,Projeção,0.57,0.23,0.09,1000,3.0,10.0,Fernando Henrique I,Presencial
1995-02-07,Sensus,0.57,0.23,0.09,1000,2.0,10.0,Fernando Henrique I,Presencial
1995-02-07,Vox Populi,0.57,0.23,0.09,2000,3.0,10.0,Fernando Henrique I,Presencial
1995-03-13,Sensus,0.43,0.4,0.11,1000,2.0,6.0,Fernando Henrique I,Presencial
1995-03-13,Vox Populi,0.43,0.4,0.11,2000,3.0,6.0,Fernando Henrique I,Presencial
1995-03-15,Datafolha,0.39,0.4,0.16,1000,2.0,5.0,Fernando Henrique I,Presencial
1995-03-16,Ibope,0.41,0.43,0.12,1200,3.0,4.0,Fernando Henrique I,Presencial
1995-04-07,Vox Populi,0.39,0.4,0.17,2000,3.0,3.0,Fernando Henrique I,Presencial
1995-05-16,Ibope,0.39,0.43,0.14,1200,3.0,4.0,Fernando Henrique I,Presencial
1995-05-23,Vox Populi,0.37,0.42,0.17,2000,3.0,3.0,Fernando Henrique I,Presencial
1995-06-15,Datafolha,0.4,0.4,0.17,1000,2.0,3.0,Fernando Henrique I,Presencial
1995-06-20,Vox Populi,0.41,0.39,0.17,2000,3.0,3.0,Fernando Henrique I,Presencial
1995-07-16,Ibope,0.42,0.38,0.16,1200,3.0,4.0,Fernando Henrique I,Presencial
1995-07-24,Vox Populi,0.42,0.41,0.14,2000,3.0,2.0,Fernando Henrique I,Presencial
1995-08-29,Vox Populi,0.39,0.41,0.17,2000,3.0,3.0,Fernando Henrique I,Presencial
1995-09-15,Datafolha,0.42,0.39,0.15,1000,2.0,4.0,Fernando Henrique I,Presencial
1995-09-16,Ibope,0.4,0.43,0.15,1200,3.0,2.0,Fernando Henrique I,Presencial
1995-11-16,Ibope,0.43,0.4,0.15,1200,3.0,2.0,Fernando Henrique I,Presencial
1995-12-15,Datafolha,0.41,0.4,0.15,1000,2.0,4.0,Fernando Henrique I,Presencial
1996-02-16,Ibope,0.41,0.39,0.17,1200,3.0,3.0,Fernando Henrique I,Presencial
1996-05-14,Vox Populi,0.26,0.45,0.26,2000,3.0,3.0,Fernando Henrique I,Presencial
1996-06-15,Datafolha,0.3,0.41,0.25,1000,2.0,4.0,Fernando Henrique I,Presencial
1996-08-16,Ibope,0.38,0.4,0.19,1200,3.0,2.0,Fernando Henrique I,Presencial
1996-09-15,Datafolha,0.43,0.38,0.17,1000,2.0,2.0,Fernando Henrique I,Presencial
1996-12-15,Datafolha,0.47,0.38,0.12,1000,2.0,3.0,Fernando Henrique I,Presencial
1996-12-16,Ibope,0.46,0.36,0.16,1200,3.0,2.0,Fernando Henrique I,Presencial
1997-03-05,Vox Populi,0.42,0.4,0.16,2000,3.0,1.0,Fernando Henrique I,Presencial
1997-03-16,Ibope,0.51,0.34,0.14,1200,3.0,2.0,Fernando Henrique I,Presencial
1997-05-15,Datafolha,0.42,0.38,0.18,1000,2.0,2.0,Fernando Henrique I,Presencial
1997-05-16,Ibope,0.34,0.37,0.26,1200,3.0,4.0,Fernando Henrique I,Presencial
1997-06-15,Datafolha,0.39,0.39,0.16,1000,2.0,6.0,Fernando Henrique I,Presencial
1997-08-16,Ibope,0.38,0.35,0.24,1200,3.0,3.0,Fernando Henrique I,Presencial
1997-09-09,Vox Populi,0.36,0.31,0.2,2000,3.0,2.0,Fernando Henrique I,Presencial
1997-09-15,Datafolha,0.43,0.41,0.15,1000,2.0,1.0,Fernando Henrique I,Presencial
1997-10-16,Ibope,0.43,0.37,0.17,1200,3.0,3.0,Fernando Henrique I,Presencial
1997-12-09,Vox Populi,0.38,0.41,0.19,2000,3.0,2.0,Fernando Henrique I,Presencial
1997-12-15,Datafolha,0.37,0.4,0.2,1000,2.0,3.0,Fernando Henrique I,Presencial
1998-01-16,Ibope,0.42,0.41,0.16,1200,3.0,2.0,Fernando Henrique I,Presencial
1998-01-29,Vox Populi,0.33,0.45,0.21,2000,3.0,2.0,Fernando Henrique I,Presencial
1998-03-15,Datafolha,0.38,0.39,0.21,1000,2.0,2.0,Fernando Henrique I,Presencial
1998-03-16,Ibope,0.39,0.38,0.21,1200,3.0,3.0,Fernando Henrique I,Presencial
1998-04-06,Vox Populi,0.31,0.45,0.23,2002,2.2,1.0,Fernando Henrique I,Presencial
1998-04-15,Datafolha,0.35,0.41,0.21,1000,2.0,3.0,Fernando Henrique I,Presencial
1998-05-15,Datafolha,0.31,0.43,0.24,1000,2.0,2.0,Fernando Henrique I,Presencial
1998-05-16,Ibope,0.33,0.39,0.26,1200,3.0,2.0,Fernando Henrique I,Presencial
1998-05-16,Vox Populi,0.29,0.42,0.26,2002,2.2,3.0,Fernando Henrique I,Presencial
1998-06-15,Datafolha,0.31,0.41,0.25,1000,2.0,3.0,Fernando Henrique I,Presencial
1998-06-16,Vox Populi,0.31,0.39,0.27,2002,2.2,3.0,Fernando Henrique I,Presencial
1998-07-15,Datafolha,0.38,0.41,0.19,1000,2.0,2.0,Fernando Henrique I,Presencial
1998-07-16,Ibope,0.41,0.4,0.17,1200,3.0,3.0,Fernando Henrique I,Presencial
1998-07-21,Vox Populi,0.36,0.41,0.22,2002,2.2,1.0,Fernando Henrique I,Presencial
1998-08-11,Vox Populi,0.4,0.41,0.18,2000,3.0,1.0,Fernando Henrique I,Presencial
1998-08-15,Datafolha,0.4,0.39,0.18,1000,2.0,3.0,Fernando Henrique I,Presencial
1998-09-15,Datafolha,0.43,0.37,0.17,1000,2.0,3.0,Fernando Henrique I,Presencial
1998-09-16,Vox Populi,0.45,0.36,0.17,2000,3.0,2.0,Fernando Henrique I,Presencial
1998-12-15,Datafolha,0.35,0.37,0.25,1000,2.0,3.0,Fernando Henrique I,Presencial
1998-12-20,Vox Populi,0.32,0.43,0.23,2007,2.2,2.0,Fernando Henrique I,Presencial
1999-01-23,Vox Populi,0.27,0.37,0.33,2002,2.2,3.0,Fernando Henrique II,Presencial
1999-02-15,Datafolha,0.21,0.39,0.36,1000,2.0,4.0,Fernando Henrique II,Presencial
1999-03-01,Vox Populi,0.19,0.32,0.47,2002,2.2,2.0,Fernando Henrique II,Presencial
1999-03-16,Ibope,0.22,0.34,0.41,1200,3.0,3.0,Fernando Henrique II,Presencial
1999-03-29,Vox Populi,0.16,0.39,0.43,2002,2.2,2.0,Fernando Henrique II,Presencial
1999-04-24,Vox Populi,0.17,0.35,0.46,2011,2.2,2.0,Fernando Henrique II,Presencial
1999-05-16,Ibope,0.18,0.35,0.44,1200,3.0,3.0,Fernando Henrique II,Presencial
1999-05-23,Vox Populi,0.15,0.32,0.51,2010,2.2,2.0,Fernando Henrique II,Presencial
1999-06-15,Datafolha,0.16,0.38,0.44,1000,2.0,2.0,Fernando Henrique II,Presencial
1999-07-05,Vox Populi,0.12,0.33,0.53,2002,2.2,2.0,Fernando Henrique II,Presencial
1999-07-16,Ibope,0.16,0.3,0.52,1200,3.0,3.0,Fernando Henrique II,Presencial
1999-08-10,Vox Populi,0.12,0.28,0.59,2002,2.2,1.0,Fernando Henrique II,Presencial
1999-09-06,Vox Populi,0.08,0.26,0.65,2002,2.2,1.0,Fernando Henrique II,Presencial
1999-09-15,Datafolha,0.13,0.27,0.56,1000,2.0,4.0,Fernando Henrique II,Presencial
1999-09-16,Ibope,0.16,0.3,0.51,1200,3.0,3.0,Fernando Henrique II,Presencial
1999-10-10,Vox Populi,0.08,0.27,0.62,2002,2.2,3.0,Fernando Henrique II,Presencial
1999-11-09,Vox Populi,0.11,0.28,0.59,2002,2.2,2.0,Fernando Henrique II,Presencial
1999-11-16,Ibope,0.17,0.32,0.48,1200,3.0,4.0,Fernando Henrique II,Presencial
1999-12-14,Vox Populi,0.12,0.26,0.59,2003,2.2,3.0,Fernando Henrique II,Presencial
1999-12-15,Datafolha,0.16,0.36,0.46,1000,2.0,2.0,Fernando Henrique II,Presencial
2000-01-18,Vox Populi,0.16,0.4,0.43,2002,2.2,1.0,Fernando Henrique II,Presencial
2000-02-16,Ibope,0.2,0.37,0.39,1200,3.0,4.0,Fernando Henrique II,Presencial
2000-02-21,Vox Populi,0.16,0.33,0.49,2002,2.2,2.0,Fernando Henrique II,Presencial
2000-03-15,Datafolha,0.18,0.37,0.43,1000,2.0,2.0,Fernando Henrique II,Presencial
2000-03-20,Vox Populi,0.16,0.31,0.51,2002,2.2,2.0,Fernando Henrique II,Presencial
2000-04-27,Vox Populi,0.14,0.34,0.51,2002,2.2,1.0,Fernando Henrique II,Presencial
2000-05-16,Ibope,0.2,0.32,0.45,1200,3.0,3.0,Fernando Henrique II,Presencial
2000-05-23,Vox Populi,0.15,0.31,0.53,2002,2.2,1.0,Fernando Henrique II,Presencial
2000-06-15,Datafolha,0.19,0.38,0.41,1000,2.0,2.0,Fernando Henrique II,Presencial
2000-06-26,Vox Populi,0.13,0.26,0.59,2002,2.2,2.0,Fernando Henrique II,Presencial
2000-07-31,Vox Populi,0.19,0.34,0.44,2007,2.2,3.0,Fernando Henrique II,Presencial
2000-08-16,Ibope,0.2,0.36,0.39,1200,3.0,5.0,Fernando Henrique II,Presencial
2000-09-08,Sensus,0.188,0.391,0.39299999999999996,2002,2.2,2.8,Fernando Henrique II,Presencial
2000-10-05,Sensus,0.23399999999999999,0.358,0.38,2002,2.2,2.8,Fernando Henrique II,Presencial
2000-10-15,Datafolha,0.23,0.38,0.38,1000,2.0,1.0,Fernando Henrique II,Presencial
2000-11-09,Sensus,0.191,0.41700000000000004,0.35700000000000004,2002,2.2,3.5,Fernando Henrique II,Presencial
2000-12-15,Datafolha,0.24,0.39,0.35,1000,2.0,2.0,Fernando Henrique II,Presencial
2000-12-15,Sensus,0.23,0.34600000000000003,0.38,2002,2.2,4.4,Fernando Henrique II,Presencial
2000-12-16,Ibope,0.25,0.39,0.34,1200,3.0,3.0,Fernando Henrique II,Presencial
2001-01-19,Sensus,0.254,0.40399999999999997,0.306,2002,2.2,3.6,Fernando Henrique II,Presencial
2001-02-16,Sensus,0.262,0.39799999999999996,0.295,2002,2.2,4.5,Fernando Henrique II,Presencial
2001-03-15,Datafolha,0.26,0.42,0.3,1000,2.0,2.0,Fernando Henrique II,Presencial
2001-03-22,Sensus,0.33299999999999996,0.36700000000000005,0.266,2002,2.2,3.4,Fernando Henrique II,Presencial
2001-04-19,Sensus,0.297,0.389,0.27899999999999997,2002,2.2,3.5,Fernando Henrique II,Presencial
2001-05-16,Ibope,0.26,0.38,0.31,1200,3.0,5.0,Fernando Henrique II,Presencial
2001-05-24,Sensus,0.221,0.36200000000000004,0.371,2002,2.2,4.6,Fernando Henrique II,Presencial
2001-06-15,Datafolha,0.19,0.38,0.42,1000,2.0,1.0,Fernando Henrique II,Presencial
2001-06-18,Ibope,0.19,0.33,0.45,1200,3.0,4.0,Fernando Henrique II,Presencial
2001-06-21,Sensus,0.177,0.35100000000000003,0.445,2002,2.2,2.7,Fernando Henrique II,Presencial
2001-07-26,Sensus,0.198,0.335,0.436,2002,2.2,3.1,Fernando Henrique II,Presencial
2001-08-23,Sensus,0.217,0.353,0.4,2002,2.2,3.0,Fernando Henrique II,Presencial
2001-09-15,Datafolha,0.22,0.4,0.36,1000,2.0,2.0,Fernando Henrique II,Presencial
2001-09-17,Ibope,0.22,0.41,0.36,1200,3.0,2.0,Fernando Henrique II,Presencial
2001-09-20,Sensus,0.217,0.361,0.39399999999999996,2002,2.2,2.8,Fernando Henrique II,Presencial
2001-10-31,Sensus,0.22,0.389,0.364,2002,2.2,2.7,Fernando Henrique II,Presencial
2001-11-15,Datafolha,0.24,0.39,0.36,1000,2.0,1.0,Fernando Henrique II,Presencial
2001-12-01,Ibope,0.21,0.4,0.37,1200,3.0,2.0,Fernando Henrique II,Presencial
2001-12-11,Sensus,0.22899999999999998,0.38,0.35200000000000004,2002,2.2,3.9,Fernando Henrique II,Presencial
2001-12-15,Datafolha,0.24,0.4,0.35,1000,2.0,1.0,Fernando Henrique II,Presencial
2002-01-24,Sensus,0.267,0.389,0.305,2002,2.2,3.9,Fernando Henrique II,Presencial
2002-02-21,Datafolha,0.31,0.38,0.29,2000,2.0,2.0,Fernando Henrique II,Presencial
2002-02-21,Sensus,0.27399999999999997,0.39799999999999996,0.28800000000000003,2002,2.2,4.0,Fernando Henrique II,Presencial
2002-03-12,Datafolha,0.29,0.41,0.28,2000,2.0,3.0,Fernando Henrique II,Presencial
2002-03-18,Ibope,0.28,0.39,0.31,1200,3.0,2.0,Fernando Henrique II,Presencial
2002-03-21,Sensus,0.281,0.387,0.29100000000000004,2002,2.2,4.1,Fernando Henrique II,Presencial
2002-04-09,Datafolha,0.28,0.41,0.29,2000,2.0,2.0,Fernando Henrique II,Presencial
2002-04-25,Sensus,0.256,0.371,0.326,2002,2.2,4.7,Fernando Henrique II,Presencial
2002-05-14,Datafolha,0.27,0.41,0.29,2000,2.0,3.0,Fernando Henrique II,Presencial
2002-05-16,Ibope,0.29,0.41,0.29,1200,3.0,2.0,Fernando Henrique II,Presencial
2002-05-23,Sensus,0.282,0.379,0.295,2002,2.2,4.4,Fernando Henrique II,Presencial
2002-06-07,Datafolha,0.31,0.4,0.28,2000,2.0,2.0,Fernando Henrique II,Presencial
2002-06-20,Sensus,0.298,0.39799999999999996,0.26,2002,2.2,4.4,Fernando Henrique II,Presencial
2002-07-05,Datafolha,0.31,0.4,0.26,1000,2.0,3.0,Fernando Henrique II,Presencial
2002-07-15,Datafolha,0.25,0.39,0.34,1000,2.0,2.0,Fernando Henrique II,Presencial
2002-07-23,Ibope,0.26,0.43,0.3,1200,3.0,2.0,Fernando Henrique II,Presencial
2002-08-15,Sensus,0.276,0.40299999999999997,0.29600000000000004,2002,2.2,2.5,Fernando Henrique II,Presencial
2002-08-16,Datafolha,0.24,0.4,0.32,2000,2.0,2.0,Fernando Henrique II,Presencial
2002-08-30,Datafolha,0.26,0.39,0.32,2000,2.0,2.0,Fernando Henrique II,Presencial
2002-09-09,Datafolha,0.26,0.36,0.34,1000,2.0,4.0,Fernando Henrique II,Presencial
2002-09-15,Sensus,0.252,0.377,0.33799999999999997,2002,2.2,3.3,Fernando Henrique II,Presencial
2002-09-20,Datafolha,0.23,0.4,0.34,1000,2.0,3.0,Fernando Henrique II,Presencial
2002-09-27,Datafolha,0.23,0.39,0.35,1000,2.0,3.0,Fernando Henrique II,Presencial
2002-10-11,Datafolha,0.23,0.42,0.32,1000,2.0,3.0,Fernando Henrique II,Presencial
2002-10-15,Sensus,0.243,0.386,0.344,1000,2.2,2.7,Fernando Henrique II,Presencial
2002-10-18,Datafolha,0.26,0.38,0.32,1000,2.0,4.0,Fernando Henrique II,Presencial
2002-12-15,Datafolha,0.26,0.36,0.36,1000,2.0,2.0,Fernando Henrique II,Presencial
2003-01-23,Sensus,0.5660000000000001,0.177,0.023,2000,2.2,23.4,Lula da Silva I,Presencial
2003-03-08,Sensus,0.45,0.327,0.079,2000,2.2,14.4,Lula da Silva I,Presencial
2003-03-23,Ibope,0.51,0.31,0.07,1200,3.0,6.0,Lula da Silva I,Presencial
2003-04-04,Ibope,0.48,0.36,0.08,1200,3.0,8.0,Lula da Silva I,Presencial
2003-04-14,Datafolha,0.43,0.4,0.1,1000,2.2,7.0,Lula da Silva I,Presencial
2003-04-19,Sensus,0.47700000000000004,0.348,0.094,2000,2.2,8.1,Lula da Silva I,Presencial
2003-05-30,Sensus,0.516,0.35700000000000004,0.07200000000000001,2000,2.2,5.5,Lula da Silva I,Presencial
2003-06-23,Ibope,0.43,0.38,0.11,1200,3.0,8.0,Lula da Silva I,Presencial
2003-06-25,Datafolha,0.42,0.43,0.11,1000,2.2,4.0,Lula da Silva I,Presencial
2003-07-11,Sensus,0.46299999999999997,0.38799999999999996,0.10300000000000001,2000,2.2,4.6,Lula da Silva I,Presencial
2003-08-22,Datafolha,0.45,0.42,0.1,1000,2.2,3.0,Lula da Silva I,Presencial
2003-08-22,Sensus,0.483,0.386,0.1,2000,2.2,3.1,Lula da Silva I,Presencial
2003-09-22,Ibope,0.43,0.4,0.14,1200,3.0,4.0,Lula da Silva I,Presencial
2003-10-17,Sensus,0.41600000000000004,0.423,0.12300000000000001,2000,2.2,3.8,Lula da Silva I,Presencial
2003-10-29,Datafolha,0.42,0.44,0.11,1000,2.2,3.0,Lula da Silva I,Presencial
2003-12-04,Sensus,0.41,0.419,0.129,2000,2.2,4.2,Lula da Silva I,Presencial
2003-12-08,Ibope,0.41,0.43,0.14,1200,3.0,1.0,Lula da Silva I,Presencial
2003-12-15,Datafolha,0.42,0.41,0.15,3795,2.0,2.0,Lula da Silva I,Presencial
2004-02-06,Sensus,0.39899999999999997,0.406,0.151,2000,2.2,4.4,Lula da Silva I,Presencial
2004-03-01,Datafolha,0.38,0.43,0.17,3795,2.0,2.0,Lula da Silva I,Presencial
2004-03-25,Ibope,0.34,0.41,0.23,1200,3.0,2.0,Lula da Silva I,Presencial
2004-03-26,Sensus,0.34600000000000003,0.42700000000000005,0.19399999999999998,2000,2.2,3.3,Lula da Silva I,Presencial
2004-03-31,Ibope,0.28,0.47,0.23,1200,3.0,2.0,Lula da Silva I,Presencial
2004-05-09,Sensus,0.34600000000000003,0.435,0.2,2000,2.2,1.9,Lula da Silva I,Presencial
2004-06-17,Sensus,0.294,0.442,0.24100000000000002,2000,2.2,2.3,Lula da Silva I,Presencial
2004-06-21,Ibope,0.29,0.42,0.26,1200,3.0,2.0,Lula da Silva I,Presencial
2004-08-04,Sensus,0.382,0.408,0.177,2000,2.2,3.3,Lula da Silva I,Presencial
2004-08-19,Datafolha,0.35,0.45,0.17,3795,2.0,3.0,Lula da Silva I,Presencial
2004-09-14,Ibope,0.38,0.4,0.19,1200,3.0,2.0,Lula da Silva I,Presencial
2004-09-23,Sensus,0.413,0.391,0.16399999999999998,2000,2.2,3.2,Lula da Silva I,Presencial
2004-11-29,Ibope,0.41,0.41,0.16,1200,3.0,2.0,Lula da Silva I,Presencial
2004-12-04,Sensus,0.445,0.382,0.14400000000000002,2000,2.2,2.9,Lula da Silva I,Presencial
2004-12-17,Datafolha,0.45,0.4,0.13,3795,2.0,2.0,Lula da Silva I,Presencial
2005-02-15,Sensus,0.425,0.39899999999999997,0.139,2000,2.2,3.7,Lula da Silva I,Presencial
2005-04-14,Sensus,0.419,0.39799999999999996,0.16,2000,2.2,2.3,Lula da Silva I,Presencial
2005-05-14,Ibope,0.39,0.41,0.17,1200,3.0,3.0,Lula da Silva I,Presencial
2005-05-27,Sensus,0.39799999999999996,0.38299999999999995,0.188,2000,2.2,3.1,Lula da Silva I,Presencial
2005-06-01,Datafolha,0.35,0.45,0.18,3795,2.0,2.0,Lula da Silva I,Presencial
2005-06-06,Ibope,0.37,0.4,0.21,1200,3.0,2.0,Lula da Silva I,Presencial
2005-06-13,Ibope,0.35,0.41,0.22,1200,3.0,2.0,Lula da Silva I,Presencial
2005-06-16,Datafolha,0.36,0.44,0.19,3795,2.0,1.0,Lula da Silva I,Presencial
2005-06-18,Ibope,0.36,0.4,0.24,1200,3.0,1.0,Lula da Silva I,Presencial
2005-07-07,Sensus,0.40299999999999997,0.371,0.2,2000,2.2,2.6,Lula da Silva I,Presencial
2005-07-21,Datafolha,0.35,0.4,0.23,3795,2.0,2.0,Lula da Silva I,Presencial
2005-08-10,Datafolha,0.31,0.41,0.26,3795,2.0,2.0,Lula da Silva I,Presencial
2005-08-17,Ibope,0.29,0.38,0.31,1200,3.0,2.0,Lula da Silva I,Presencial
2005-08-22,Ibope,0.29,0.38,0.31,1200,3.0,2.0,Lula da Silva I,Presencial
2005-09-08,Sensus,0.358,0.382,0.24,2000,2.2,2.0,Lula da Silva I,Presencial
2005-09-12,Ibope,0.29,0.36,0.32,1200,3.0,2.0,Lula da Silva I,Presencial
2005-10-13,Ibope,0.3,0.41,0.28,1200,3.0,1.0,Lula da Silva I,Presencial
2005-10-21,Datafolha,0.28,0.42,0.28,3795,2.0,2.0,Lula da Silva I,Presencial
2005-11-17,Sensus,0.311,0.376,0.29,2000,2.2,2.3,Lula da Silva I,Presencial
2005-12-07,Ibope,0.29,0.37,0.32,1200,3.0,2.0,Lula da Silva I,Presencial
2005-12-14,Datafolha,0.28,0.41,0.29,3795,2.0,2.0,Lula da Silva I,Presencial
2006-01-16,Ibope,0.33,0.39,0.27,1200,3.0,2.0,Lula da Silva I,Presencial
2006-02-02,Datafolha,0.36,0.39,0.23,3795,2.0,2.0,Lula da Silva I,Presencial
2006-02-09,Sensus,0.375,0.4,0.214,2000,2.2,1.1,Lula da Silva I,Presencial
2006-02-21,Datafolha,0.37,0.39,0.22,3795,2.0,2.0,Lula da Silva I,Presencial
2006-03-11,Ibope,0.38,0.39,0.22,1200,3.0,1.0,Lula da Silva I,Presencial
2006-03-17,Datafolha,0.38,0.38,0.23,3795,2.0,1.0,Lula da Silva I,Presencial
2006-04-06,Sensus,0.376,0.36700000000000005,0.24100000000000002,2000,2.2,1.6,Lula da Silva I,Presencial
2006-04-07,Datafolha,0.37,0.38,0.23,3795,2.0,2.0,Lula da Silva I,Presencial
2006-05-12,Ibope,0.38,0.41,0.19,1200,3.0,2.0,Lula da Silva I,Presencial
2006-05-21,Sensus,0.38299999999999995,0.375,0.222,2000,2.2,2.0,Lula da Silva I,Presencial
2006-05-24,Datafolha,0.39,0.37,0.22,1000,2.2,2.0,Lula da Silva I,Presencial
2006-06-07,Ibope,0.44,0.36,0.19,1200,3.0,1.0,Lula da Silva I,Presencial
2006-07-06,Sensus,0.41,0.385,0.193,2000,2.2,1.2,Lula da Silva I,Presencial
2006-07-18,Datafolha,0.38,0.4,0.21,1000,2.2,1.0,Lula da Silva I,Presencial
2006-07-24,Ibope,0.39,0.36,0.26,1200,3.0,1.0,Lula da Silva I,Presencial
2006-07-31,Ibope,0.4,0.4,0.19,1200,3.0,1.0,Lula da Silva I,Presencial
2006-08-04,Sensus,0.436,0.395,0.156,2000,2.0,1.3,Lula da Silva I,Presencial
2006-08-08,Datafolha,0.45,0.36,0.18,1000,2.2,1.0,Lula da Silva I,Presencial
2006-08-09,Ibope,0.41,0.35,0.22,1200,3.0,1.0,Lula da Silva I,Presencial
2006-08-17,Ibope,0.41,0.37,0.21,1200,3.0,2.0,Lula da Silva I,Presencial
2006-08-22,Datafolha,0.52,0.31,0.16,1000,2.2,1.0,Lula da Silva I,Presencial
2006-08-25,Ibope,0.44,0.38,0.17,1200,3.0,2.0,Lula da Silva I,Presencial
2006-08-29,Datafolha,0.48,0.36,0.16,1000,2.2,0.0,Lula da Silva I,Presencial
2006-08-31,Ibope,0.43,0.38,0.18,1200,3.0,1.0,Lula da Silva I,Presencial
2006-09-05,Datafolha,0.48,0.33,0.18,1000,2.2,1.0,Lula da Silva I,Presencial
2006-09-07,Ibope,0.46,0.35,0.19,1200,3.0,1.0,Lula da Silva I,Presencial
2006-09-11,Ibope,0.49,0.33,0.16,1200,3.0,1.0,Lula da Silva I,Presencial
2006-09-12,Datafolha,0.46,0.35,0.18,1000,2.2,1.0,Lula da Silva I,Presencial
2006-09-19,Datafolha,0.48,0.34,0.18,1000,2.2,0.0,Lula da Silva I,Presencial
2006-09-20,Ibope,0.43,0.37,0.19,1200,3.0,1.0,Lula da Silva I,Presencial
2006-09-22,Datafolha,0.46,0.34,0.18,1000,2.2,2.0,Lula da Silva I,Presencial
2006-09-22,Ibope,0.43,0.36,0.2,1200,3.0,1.0,Lula da Silva I,Presencial
2006-09-26,Ibope,0.44,0.35,0.21,1200,3.0,1.0,Lula da Silva I,Presencial
2006-09-27,Datafolha,0.47,0.34,0.17,1000,2.2,2.0,Lula da Silva I,Presencial
2006-10-06,Datafolha,0.49,0.33,0.17,1000,2.2,1.0,Lula da Silva I,Presencial
2006-10-10,Datafolha,0.49,0.33,0.17,1000,2.2,1.0,Lula da Silva I,Presencial
2006-10-11,Ibope,0.45,0.33,0.2,1200,3.0,1.0,Lula da Silva I,Presencial
2006-10-17,Datafolha,0.51,0.33,0.15,1000,2.2,1.0,Lula da Silva I,Presencial
2006-10-19,Ibope,0.5,0.33,0.15,1200,3.0,1.0,Lula da Silva I,Presencial
2006-10-24,Datafolha,0.53,0.31,0.15,1000,2.2,1.0,Lula da Silva I,Presencial
2006-10-25,Ibope,0.51,0.32,0.15,1200,3.0,1.0,Lula da Silva I,Presencial
2006-12-10,Ibope,0.57,0.28,0.13,1200,3.0,1.0,Lula da Silva I,Presencial
2006-12-13,Datafolha,0.52,0.34,0.14,1000,2.2,0.0,Lula da Silva I,Presencial
2007-01-15,Projeção,0.48,0.37,0.14,1000,3.0,1.0,Lula da Silva II,Presencial
2007-03-20,Datafolha,0.48,0.37,0.14,4100,2.0,1.0,Lula da Silva II,Presencial
2007-04-02,Ibope,0.49,0.33,0.16,1200,3.0,1.0,Lula da Silva II,Presencial
2007-04-06,Sensus,0.495,0.34299999999999997,0.146,2000,3.0,1.6,Lula da Silva II,Presencial
2007-04-11,MDA,0.495,0.34299999999999997,0.146,2002,2.2,1.0,Lula da Silva II,Presencial
2007-06-22,Sensus,0.475,0.365,0.14,2000,3.0,2.0,Lula da Silva II,Presencial
2007-07-01,Ibope,0.5,0.33,0.16,1200,3.0,1.0,Lula da Silva II,Presencial
2007-08-02,Datafolha,0.48,0.36,0.15,4100,2.0,1.0,Lula da Silva II,Presencial
2007-09-18,Ibope,0.48,0.32,0.18,1200,3.0,1.0,Lula da Silva II,Presencial
2007-10-12,Sensus,0.465,0.359,0.165,2000,3.0,1.1,Lula da Silva II,Presencial
2007-11-29,Datafolha,0.5,0.35,0.14,4100,2.0,1.0,Lula da Silva II,Presencial
2007-12-05,Ibope,0.51,0.31,0.17,1200,3.0,0.0,Lula da Silva II,Presencial
2008-02-16,Sensus,0.527,0.325,0.13699999999999998,2000,3.0,1.1,Lula da Silva II,Presencial
2008-03-12,Ibope,0.58,0.3,0.11,2002,3.0,1.0,Lula da Silva II,Presencial
2008-03-23,Ibope,0.58,0.3,0.11,1200,3.0,1.0,Lula da Silva II,Presencial
2008-03-27,Datafolha,0.55,0.33,0.11,4100,2.0,1.0,Lula da Silva II,Presencial
2008-04-25,Sensus,0.575,0.29600000000000004,0.113,2000,3.0,1.6,Lula da Silva II,Presencial
2008-06-10,Ibope,0.58,0.29,0.12,2002,3.0,1.0,Lula da Silva II,Presencial
2008-06-23,Ibope,0.58,0.29,0.12,1200,3.0,1.0,Lula da Silva II,Presencial
2008-09-10,Ibope,0.69,0.23,0.08,2002,3.0,1.0,Lula da Silva II,Presencial
2008-09-11,Datafolha,0.64,0.28,0.08,4100,2.0,0.0,Lula da Silva II,Presencial
2008-09-19,Sensus,0.688,0.23199999999999998,0.068,2000,3.0,1.2,Lula da Silva II,Presencial
2008-09-22,Ibope,0.69,0.23,0.08,1200,3.0,1.0,Lula da Silva II,Presencial
2008-11-28,Datafolha,0.7,0.23,0.07,4100,2.0,0.0,Lula da Silva II,Presencial
2008-12-08,Ibope,0.73,0.2,0.06,1200,3.0,0.0,Lula da Silva II,Presencial
2008-12-12,Sensus,0.711,0.21600000000000003,0.064,2000,3.0,0.9,Lula da Silva II,Presencial
2008-12-15,Ibope,0.73,0.2,0.06,2002,3.0,1.0,Lula da Silva II,Presencial
2009-01-30,Sensus,0.725,0.217,0.05,2000,3.0,0.8,Lula da Silva II,Presencial
2009-03-10,Ibope,0.75,0.19,0.05,1200,3.0,1.0,Lula da Silva II,Presencial
2009-03-15,Ibope,0.64,0.25,0.1,1200,3.0,1.0,Lula da Silva II,Presencial
2009-03-19,Datafolha,0.65,0.27,0.08,4100,2.0,0.0,Lula da Silva II,Presencial
2009-03-27,Sensus,0.624,0.29100000000000004,0.076,2000,3.0,0.9,Lula da Silva II,Presencial
2009-04-18,Ibope,0.76,0.18,0.05,1200,3.0,0.0,Lula da Silva II,Presencial
2009-05-28,Datafolha,0.69,0.24,0.06,4100,2.0,1.0,Lula da Silva II,Presencial
2009-05-29,Sensus,0.698,0.239,0.057999999999999996,2000,3.0,0.5,Lula da Silva II,Presencial
2009-06-01,Ibope,0.68,0.24,0.08,1200,3.0,0.0,Lula da Silva II,Presencial
2009-06-03,Ibope,0.76,0.2,0.05,1200,3.0,1.0,Lula da Silva II,Presencial
2009-06-21,Ibope,0.75,0.2,0.03,1200,3.0,0.0,Lula da Silva II,Presencial
2009-06-30,Ibope,0.76,0.19,0.04,1200,3.0,1.0,Lula da Silva II,Presencial
2009-07-29,Ibope,0.77,0.18,0.04,1200,3.0,1.0,Lula da Silva II,Presencial
2009-08-13,Datafolha,0.67,0.25,0.08,4100,2.0,0.0,Lula da Silva II,Presencial
2009-08-15,Ibope,0.78,0.18,0.04,1200,3.0,1.0,Lula da Silva II,Presencial
2009-08-26,Ibope,0.78,0.17,0.04,1200,3.0,0.0,Lula da Silva II,Presencial
2009-09-02,Ibope,0.77,0.18,0.04,1200,3.0,1.0,Lula da Silva II,Presencial
2009-09-04,Sensus,0.654,0.265,0.07200000000000001,2000,3.0,0.9,Lula da Silva II,Presencial
2009-09-14,Ibope,0.69,0.22,0.09,1200,3.0,0.0,Lula da Silva II,Presencial
2009-09-16,Ibope,0.79,0.16,0.04,1200,3.0,1.0,Lula da Silva II,Presencial
2009-09-23,Ibope,0.8,0.15,0.04,1200,3.0,1.0,Lula da Silva II,Presencial
2009-09-27,Ibope,0.77,0.18,0.04,1200,3.0,0.0,Lula da Silva II,Presencial
2009-11-20,Sensus,0.7,0.22699999999999998,0.062,2000,3.0,1.1,Lula da Silva II,Presencial
2009-11-30,Ibope,0.72,0.21,0.06,1200,3.0,0.0,Lula da Silva II,Presencial
2009-12-18,Datafolha,0.72,0.21,0.06,1000,2.2,1.0,Lula da Silva II,Presencial
2010-01-29,Sensus,0.7140000000000001,0.22,0.057999999999999996,2000,3.0,0.8,Lula da Silva II,Presencial
2010-02-25,Datafolha,0.73,0.2,0.05,1000,2.2,2.0,Lula da Silva II,Presencial
2010-03-26,Datafolha,0.76,0.2,0.04,1000,2.2,0.0,Lula da Silva II,Presencial
2010-04-16,Datafolha,0.73,0.22,0.05,1000,2.2,0.0,Lula da Silva II,Presencial
2010-05-14,Sensus,0.7609999999999999,0.192,0.044000000000000004,2000,3.0,0.3,Lula da Silva II,Presencial
2010-05-21,Datafolha,0.76,0.19,0.05,1000,2.2,0.0,Lula da Silva II,Presencial
2010-07-01,Datafolha,0.78,0.17,0.04,1000,2.2,1.0,Lula da Silva II,Presencial
2010-07-23,Datafolha,0.77,0.19,0.04,1000,2.2,0.0,Lula da Silva II,Presencial
2010-08-02,Sensus,0.775,0.154,0.046,2000,3.0,2.5,Lula da Silva II,Presencial
2010-08-12,Datafolha,0.77,0.18,0.04,1000,2.2,1.0,Lula da Silva II,Presencial
2010-08-24,Datafolha,0.79,0.17,0.04,1000,2.2,0.0,Lula da Silva II,Presencial
2010-09-09,Datafolha,0.77,0.18,0.04,1000,2.2,1.0,Lula da Silva II,Presencial
2010-09-12,Sensus,0.784,0.159,0.039,2000,3.0,1.8,Lula da Silva II,Presencial
2010-09-15,Datafolha,0.78,0.18,0.04,1000,2.2,0.0,Lula da Silva II,Presencial
2010-09-22,Datafolha,0.78,0.17,0.04,1000,2.2,1.0,Lula da Silva II,Presencial
2010-09-28,Sensus,0.794,0.159,0.04,2000,3.0,0.7,Lula da Silva II,Presencial
2010-10-08,Datafolha,0.78,0.18,0.04,1000,2.2,0.0,Lula da Silva II,Presencial
2010-10-15,Datafolha,0.81,0.15,0.04,1000,2.2,0.0,Lula da Silva II,Presencial
2010-10-21,Datafolha,0.82,0.14,0.03,1000,2.2,1.0,Lula da Silva II,Presencial
2010-10-26,Datafolha,0.83,0.13,0.03,1000,2.2,1.0,Lula da Silva II,Presencial
2010-11-19,Datafolha,0.83,0.13,0.04,1000,2.2,0.0,Lula da Silva II,Presencial
2010-12-27,Sensus,0.8340000000000001,0.13699999999999998,0.022000000000000002,2000,2.2,0.7,Lula da Silva II,Presencial
2011-01-15,Projeção,0.51,0.3,0.07,1000,3.0,12.0,Dilma Rousseff I,Presencial
2011-03-16,Datafolha,0.47,0.34,0.07,1000,2.2,12.0,Dilma Rousseff I,Presencial
2011-03-23,Ibope,0.56,0.27,0.05,1000,2.0,12.0,Dilma Rousseff I,Presencial
2011-06-10,Datafolha,0.49,0.38,0.1,1000,2.2,3.0,Dilma Rousseff I,Presencial
2011-07-31,Ibope,0.48,0.36,0.12,1000,2.0,4.0,Dilma Rousseff I,Presencial
2011-08-04,Datafolha,0.48,0.39,0.11,1000,2.2,2.0,Dilma Rousseff I,Presencial
2011-08-12,CNT,0.49200000000000005,0.371,0.09300000000000001,2000,2.2,4.6,Dilma Rousseff I,Presencial
2011-08-12,Sensus,0.49200000000000005,0.371,0.09300000000000001,2000,2.2,4.4,Dilma Rousseff I,Presencial
2011-09-20,Ibope,0.51,0.34,0.11,1000,2.0,4.0,Dilma Rousseff I,Presencial
2011-12-05,Ibope,0.56,0.32,0.09,1000,2.0,3.0,Dilma Rousseff I,Presencial
2012-01-19,Datafolha,0.59,0.33,0.06,1000,2.2,2.0,Dilma Rousseff I,Presencial
2012-03-19,Ibope,0.56,0.34,0.08,1000,2.0,2.0,Dilma Rousseff I,Presencial
2012-04-19,Datafolha,0.64,0.29,0.05,1000,2.2,2.0,Dilma Rousseff I,Presencial
2012-06-19,Ibope,0.59,0.32,0.08,1000,2.0,1.0,Dilma Rousseff I,Presencial
2012-07-26,MDA,0.5660000000000001,0.355,0.07,2000,2.2,0.9,Dilma Rousseff I,Presencial
2012-08-09,Datafolha,0.62,0.3,0.07,1000,2.2,1.0,Dilma Rousseff I,Presencial
2012-09-21,Ibope,0.62,0.29,0.07,1000,2.0,2.0,Dilma Rousseff I,Presencial
2012-12-09,Ibope,0.62,0.29,0.07,1000,2.0,2.0,Dilma Rousseff I,Presencial
2012-12-13,Datafolha,0.62,0.3,0.07,1000,2.2,1.0,Dilma Rousseff I,Presencial
2013-03-11,Ibope,0.63,0.29,0.07,1000,2.0,1.0,Dilma Rousseff I,Presencial
2013-03-21,Datafolha,0.65,0.27,0.07,1000,2.2,1.0,Dilma Rousseff I,Presencial
2013-06-05,MDA,0.542,0.35600000000000004,0.09,2000,2.2,1.2,Dilma Rousseff I,Presencial
2013-06-07,Datafolha,0.57,0.33,0.09,1000,2.2,1.0,Dilma Rousseff I,Presencial
2013-06-11,Ibope,0.55,0.32,0.13,1000,2.0,0.0,Dilma Rousseff I,Presencial
2013-06-28,Datafolha,0.3,0.43,0.25,1000,2.2,2.0,Dilma Rousseff I,Presencial
2013-07-10,MDA,0.313,0.387,0.295,2002,2.2,0.5,Dilma Rousseff I,Presencial
2013-07-12,Ibope,0.31,0.37,0.31,1000,2.0,1.0,Dilma Rousseff I,Presencial
2013-08-09,Datafolha,0.36,0.42,0.22,1000,2.2,0.0,Dilma Rousseff I,Presencial
2013-09-04,MDA,0.381,0.397,0.21899999999999997,2002,2.2,0.3,Dilma Rousseff I,Presencial
2013-09-17,Ibope,0.37,0.39,0.22,1000,2.0,2.0,Dilma Rousseff I,Presencial
2013-10-11,Datafolha,0.38,0.42,0.19,1000,2.2,1.0,Dilma Rousseff I,Presencial
2013-11-04,MDA,0.39,0.377,0.22699999999999998,2005,2.2,0.6,Dilma Rousseff I,Presencial
2013-11-29,Datafolha,0.41,0.4,0.17,1000,2.2,2.0,Dilma Rousseff I,Presencial
2013-12-02,Ibope,0.43,0.35,0.2,5414,2.0,2.0,Dilma Rousseff I,Presencial
2014-02-14,MDA,0.364,0.379,0.248,2002,2.2,0.9,Dilma Rousseff I,Presencial
2014-02-20,Datafolha,0.41,0.37,0.21,2614,2.0,1.0,Dilma Rousseff I,Presencial
2014-03-17,Ibope,0.36,0.36,0.27,2002,2.0,1.0,Dilma Rousseff I,Presencial
2014-04-03,Datafolha,0.36,0.39,0.25,2637,2.2,0.0,Dilma Rousseff I,Presencial
2014-04-14,Ibope,0.34,0.34,0.3,2002,2.0,2.0,Dilma Rousseff I,Presencial
2014-04-25,MDA,0.32899999999999996,0.359,0.306,2002,2.2,0.6,Dilma Rousseff I,Presencial
2014-05-08,Datafolha,0.35,0.38,0.26,2844,2.2,1.0,Dilma Rousseff I,Presencial
2014-05-19,Ibope,0.35,0.33,0.3,2002,2.0,2.0,Dilma Rousseff I,Presencial
2014-06-05,Datafolha,0.33,0.38,0.28,4337,2.0,1.0,Dilma Rousseff I,Presencial
2014-06-07,Ibope,0.31,0.32,0.35,2000,3.0,1.0,Dilma Rousseff I,Presencial
2014-06-15,Ibope,0.31,0.34,0.33,2002,2.0,2.0,Dilma Rousseff I,Presencial
2014-07-02,Datafolha,0.35,0.38,0.26,1000,2.2,1.0,Dilma Rousseff I,Presencial
2014-07-16,Datafolha,0.32,0.38,0.29,5377,2.0,1.0,Dilma Rousseff I,Presencial
2014-07-21,Ibope,0.31,0.36,0.33,2002,2.0,0.0,Dilma Rousseff I,Presencial
2014-08-06,Ibope,0.32,0.35,0.31,2506,2.0,2.0,Dilma Rousseff I,Presencial
2014-08-12,MDA,0.332,0.371,0.289,2002,2.2,0.8,Dilma Rousseff I,Presencial
2014-08-15,Datafolha,0.38,0.38,0.23,2843,2.0,1.0,Dilma Rousseff I,Presencial
2014-08-24,MDA,0.331,0.374,0.28800000000000003,2002,2.2,0.7,Dilma Rousseff I,Presencial
2014-08-25,Ibope,0.34,0.36,0.29,2506,2.0,1.0,Dilma Rousseff I,Presencial
2014-08-29,Datafolha,0.35,0.39,0.26,1000,2.2,0.0,Dilma Rousseff I,Presencial
2014-09-02,Ibope,0.36,0.37,0.26,2506,2.0,1.0,Dilma Rousseff I,Presencial
2014-09-03,Datafolha,0.36,0.38,0.24,10054,2.0,2.0,Dilma Rousseff I,Presencial
2014-09-04,Sensus,0.305,0.368,0.297,2000,2.2,3.0,Dilma Rousseff I,Presencial
2014-09-07,MDA,0.375,0.39,0.23,2002,2.2,0.5,Dilma Rousseff I,Presencial
2014-09-08,Ibope,0.38,0.33,0.28,2002,2.0,1.0,Dilma Rousseff I,Presencial
2014-09-09,Datafolha,0.36,0.38,0.24,1000,2.2,2.0,Dilma Rousseff I,Presencial
2014-09-15,Ibope,0.37,0.33,0.28,3010,2.0,2.0,Dilma Rousseff I,Presencial
2014-09-18,Datafolha,0.37,0.38,0.24,1000,2.2,1.0,Dilma Rousseff I,Presencial
2014-09-21,MDA,0.374,0.368,0.251,2002,2.2,0.7,Dilma Rousseff I,Presencial
2014-09-22,Ibope,0.39,0.33,0.28,3010,2.0,0.0,Dilma Rousseff I,Presencial
2014-09-26,Datafolha,0.37,0.39,0.22,1000,2.2,2.0,Dilma Rousseff I,Presencial
2014-09-28,MDA,0.41,0.35,0.24,2002,2.2,0.0,Dilma Rousseff I,Presencial
2014-09-29,Ibope,0.38,0.33,0.28,2000,3.0,1.0,Dilma Rousseff I,Presencial
2014-09-30,Datafolha,0.39,0.37,0.23,1000,2.2,1.0,Dilma Rousseff I,Presencial
2014-10-01,Ibope,0.39,0.33,0.26,2000,3.0,2.0,Dilma Rousseff I,Presencial
2014-10-02,Datafolha,0.39,0.36,0.23,1000,2.2,2.0,Dilma Rousseff I,Presencial
2014-10-04,Ibope,0.4,0.31,0.27,2000,3.0,2.0,Dilma Rousseff I,Presencial
2014-10-08,Ibope,0.39,0.33,0.27,3010,2.0,1.0,Dilma Rousseff I,Presencial
2014-10-09,Datafolha,0.39,0.38,0.22,2879,2.2,1.0,Dilma Rousseff I,Presencial
2014-10-12,Ibope,0.43,0.31,0.25,2002,2.0,1.0,Dilma Rousseff I,Presencial
2014-10-14,Ibope,0.43,0.31,0.25,3010,2.0,1.0,Dilma Rousseff I,Presencial
2014-10-15,Datafolha,0.4,0.38,0.21,9081,2.2,1.0,Dilma Rousseff I,Presencial
2014-10-19,Vox Populi,0.43,0.36,0.21,2000,2.2,0.0,Dilma Rousseff I,Presencial
2014-10-20,Datafolha,0.42,0.37,0.2,1000,2.2,1.0,Dilma Rousseff I,Presencial
2014-10-23,Datafolha,0.44,0.36,0.19,9910,2.0,1.0,Dilma Rousseff I,Presencial
2014-10-23,Ibope,0.45,0.31,0.23,3010,2.0,1.0,Dilma Rousseff I,Presencial
2014-10-25,Datafolha,0.44,0.36,0.19,19318,2.0,1.0,Dilma Rousseff I,Presencial
2014-12-03,Datafolha,0.42,0.33,0.24,2896,2.0,1.0,Dilma Rousseff I,Presencial
2014-12-08,Ibope,0.4,0.32,0.27,2002,2.0,1.0,Dilma Rousseff I,Presencial
2015-01-15,Projeção,0.25,0.31,0.44,1000,3.0,0.0,Dilma/Temer,Presencial
2015-02-05,Datafolha,0.23,0.33,0.44,4000,2.0,0.0,Dilma/Temer,Presencial
2015-03-15,Datafolha,0.13,0.24,0.62,2842,2.0,1.0,Dilma/Temer,Presencial
2015-03-19,MDA,0.10800000000000001,0.23600000000000002,0.648,2002,2.2,0.8,Dilma/Temer,Presencial
2015-03-25,Ibope,0.12,0.23,0.64,2002,2.0,1.0,Dilma/Temer,Presencial
2015-04-10,Datafolha,0.13,0.27,0.6,2834,2.0,0.0,Dilma/Temer,Presencial
2015-06-18,Datafolha,0.1,0.24,0.65,2840,2.0,1.0,Dilma/Temer,Presencial
2015-06-21,Ibope,0.09,0.21,0.68,2002,2.0,2.0,Dilma/Temer,Presencial
2015-07-16,MDA,0.077,0.214,0.7090000000000001,2002,2.2,0.0,Dilma/Temer,Presencial
2015-08-06,Datafolha,0.08,0.2,0.71,3358,2.0,1.0,Dilma/Temer,Presencial
2015-09-08,Ibope,0.14,0.34,0.39,2002,2.0,12.0,Dilma/Temer,Presencial
2015-09-21,Ibope,0.1,0.21,0.69,2002,2.0,0.0,Dilma/Temer,Presencial
2015-10-24,MDA,0.08800000000000001,0.204,0.7,2002,2.2,0.8,Dilma/Temer,Presencial
2015-11-26,Datafolha,0.1,0.22,0.67,2000,2.0,1.0,Dilma/Temer,Presencial
2015-12-17,Datafolha,0.12,0.22,0.65,2000,2.0,1.0,Dilma/Temer,Presencial
2016-02-15,MDA,0.11,0.25,0.62,2002,2.2,2.0,Dilma/Temer,Presencial
2016-02-25,Datafolha,0.11,0.25,0.64,2000,2.0,1.0,Dilma/Temer,Presencial
2016-03-20,Ibope,0.1,0.19,0.69,2000,3.0,1.0,Dilma/Temer,Presencial
2016-04-08,Datafolha,0.13,0.24,0.63,2000,2.0,1.0,Dilma/Temer,Presencial
2016-04-14,Paraná,0.06,0.17,0.76,2000,2.0,0.0,Dilma/Temer,Presencial
2016-05-14,Paraná,0.09,0.21,0.69,2000,2.0,0.0,Dilma/Temer,Presencial
2016-05-18,Datafolha,0.1,0.21,0.69,2000,2.0,1.0,Dilma/Temer,Presencial
2016-06-05,MDA,0.113,0.302,0.28,2002,2.2,33.8,Dilma/Temer,Presencial
2016-06-08,Ibope,0.13,0.36,0.39,2002,2.0,12.0,Dilma/Temer,Presencial
2016-06-13,Paraná,0.06,0.29,0.65,2000,2.0,0.0,Dilma/Temer,Presencial
2016-07-15,Datafolha,0.14,0.42,0.31,2792,2.0,10.0,Dilma/Temer,Presencial
2016-10-15,MDA,0.15,0.36,0.37,2002,2.2,12.0,Dilma/Temer,Presencial
2016-12-08,Datafolha,0.1,0.34,0.51,2828,2.0,5.0,Dilma/Temer,Presencial
2016-12-08,Ibope,0.13,0.35,0.46,2002,2.0,6.0,Dilma/Temer,Presencial
2016-12-09,Datafolha,0.1,0.31,0.51,2792,2.0,5.0,Dilma/Temer,Presencial
2017-02-15,MDA,0.1,0.39,0.44,2002,2.2,7.0,Dilma/Temer,Presencial
2017-03-19,Ibope,0.1,0.31,0.55,3010,2.0,4.0,Dilma/Temer,Presencial
2017-04-27,Datafolha,0.09,0.28,0.61,2792,2.0,3.0,Dilma/Temer,Presencial
2017-06-23,Datafolha,0.07,0.23,0.69,2792,2.0,2.0,Dilma/Temer,Presencial
2017-07-16,Ibope,0.05,0.21,0.7,2000,2.0,3.0,Dilma/Temer,Presencial
2017-09-15,MDA,0.03,0.18,0.75,2002,2.2,4.0,Dilma/Temer,Presencial
2017-09-20,Ibope,0.03,0.16,0.77,2000,2.0,3.0,Dilma/Temer,Presencial
2017-09-28,Datafolha,0.05,0.2,0.73,2792,2.0,2.0,Dilma/Temer,Presencial
2017-10-30,Datafolha,0.05,0.23,0.71,2792,2.0,1.0,Dilma/Temer,Presencial
2017-12-10,Ibope,0.06,0.19,0.74,2000,2.0,2.0,Dilma/Temer,Presencial
2018-01-30,Datafolha,0.06,0.22,0.7,2792,2.0,2.0,Dilma/Temer,Presencial
2018-03-15,MDA,0.04,0.2,0.73,2002,2.2,3.0,Dilma/Temer,Presencial
2018-03-25,Ibope,0.05,0.21,0.72,2000,2.0,2.0,Dilma/Temer,Presencial
2018-04-13,Datafolha,0.06,0.23,0.7,2792,2.0,2.0,Dilma/Temer,Presencial
2018-05-01,Ipespe,0.05,0.21,0.73,1000,3.2,1.0,Dilma/Temer,CATI
2018-05-15,MDA,0.04,0.22,0.71,2002,2.2,3.0,Dilma/Temer,Presencial
2018-06-01,Ipespe,0.04,0.18,0.78,1000,3.2,1.0,Dilma/Temer,CATI
2018-06-07,Datafolha,0.03,0.14,0.82,2792,2.0,1.0,Dilma/Temer,Presencial
2018-07-01,Ipespe,0.05,0.18,0.76,1000,3.2,1.0,Dilma/Temer,CATI
2018-08-01,Ipespe,0.04,0.18,0.77,1000,3.2,1.0,Dilma/Temer,CATI
2018-08-15,MDA,0.03,0.18,0.78,2002,2.2,1.0,Dilma/Temer,Presencial
2018-08-21,Datafolha,0.04,0.21,0.73,2792,2.0,2.0,Dilma/Temer,Presencial
2018-09-03,Ibope,0.04,0.14,0.76,2002,2.0,2.0,Dilma/Temer,Presencial
2018-09-10,Ibope,0.03,0.17,0.78,2002,2.0,2.0,Dilma/Temer,Presencial
2018-09-15,MDA,0.03,0.15,0.82,2002,2.2,,Dilma/Temer,Presencial
2018-09-18,Ibope,0.04,0.16,0.78,2506,2.0,2.0,Dilma/Temer,Presencial
2018-09-23,Ibope,0.04,0.17,0.77,2506,2.0,2.0,Dilma/Temer,Presencial
2018-09-24,Ibope,0.04,0.12,0.82,2000,2.0,2.0,Dilma/Temer,Presencial
2018-09-30,Ibope,0.04,0.18,0.77,3110,2.0,2.0,Dilma/Temer,Presencial
2018-11-01,Ipespe,0.08,0.27,0.64,1000,3.2,1.0,Dilma/Temer,CATI
2018-12-01,Ipespe,0.07,0.23,0.68,1000,3.2,1.0,Dilma/Temer,CATI
2018-12-19,Datafolha,0.07,0.29,0.62,2792,2.0,2.0,Dilma/Temer,Presencial
2019-01-10,IDEIA Big Data,0.5,0.28,0.22,1000,3.0,0.0,Jair Bolsonaro,Internet
2019-01-15,Ipespe,0.4,0.29,0.2,1000,3.2,11.0,Jair Bolsonaro,CATI
2019-01-21,IDEIA Big Data,0.51,0.28,0.21,1000,3.0,0.0,Jair Bolsonaro,Internet
2019-01-30,IDEIA Big Data,0.5,0.28,0.22,2300,2.0,0.0,Jair Bolsonaro,Internet
2019-01-30,Ibope,0.49,0.26,0.11,2000,2.0,14.0,Jair Bolsonaro,Presencial
2019-02-07,IDEIA Big Data,0.44,0.3,0.26,1000,3.0,0.0,Jair Bolsonaro,Internet
2019-02-10,Ipespe,0.4,0.32,0.17,1000,3.2,11.0,Jair Bolsonaro,CATI
2019-02-23,MDA,0.389,0.29,0.19,2002,2.2,13.1,Jair Bolsonaro,Presencial
2019-02-26,Ibope,0.39,0.3,0.19,2000,2.0,12.0,Jair Bolsonaro,Presencial
2019-02-27,IDEIA Big Data,0.41,0.29,0.3,2300,2.0,0.0,Jair Bolsonaro,Internet
2019-03-01,Ipespe,0.37,0.32,0.24,1000,3.2,8.0,Jair Bolsonaro,CATI
2019-03-07,IDEIA Big Data,0.31,0.39,0.3,1000,3.0,0.0,Jair Bolsonaro,Internet
2019-03-19,Real Time Big Data,0.39,0.3,0.25,2000,2.0,11.0,Jair Bolsonaro,CATI
2019-03-21,IDEIA Big Data,0.3,0.4,0.3,1000,3.0,0.0,Jair Bolsonaro,Internet
2019-03-28,Atlas,0.361,0.293,0.271,2000,2.0,7.5,Jair Bolsonaro,Internet
2019-03-28,Ibope,0.34,0.34,0.24,2000,2.0,8.0,Jair Bolsonaro,Presencial
2019-03-31,Paraná,0.45799999999999996,0.295,0.222,2508,2.0,2.5,Jair Bolsonaro,CATI
2019-04-01,Ipespe,0.35,0.32,0.26,1000,3.2,7.0,Jair Bolsonaro,CATI
2019-04-03,Datafolha,0.32,0.33,0.3,2800,2.0,4.0,Jair Bolsonaro,Presencial
2019-04-04,IDEIA Big Data,0.28,0.41,0.31,1000,3.2,0.0,Jair Bolsonaro,Internet
2019-04-18,IDEIA Big Data,0.29,0.4,0.31,1000,3.0,0.0,Jair Bolsonaro,Internet
2019-04-25,Vox Populi,0.26,0.39,0.3,1900,2.2,5.0,Jair Bolsonaro,Presencial
2019-04-28,Ibope,0.35,0.31,0.27,2000,2.0,7.0,Jair Bolsonaro,Presencial
2019-04-30,Atlas,0.305,0.324,0.312,2000,2.0,5.9,Jair Bolsonaro,Internet
2019-04-30,Instituto FSB,0.59,0.27,0.1,1000,3.0,3.0,Jair Bolsonaro,CATI
2019-05-02,IDEIA Big Data,0.33,0.35,0.32,1000,3.0,0.0,Jair Bolsonaro,Internet
2019-05-02,Ipespe,0.36,0.26,0.34,1000,3.2,4.0,Jair Bolsonaro,CATI
2019-05-16,IDEIA Big Data,0.34,0.34,0.32,1000,3.0,0.0,Jair Bolsonaro,Internet
2019-05-29,Atlas,0.28600000000000003,0.313,0.36200000000000004,2000,2.0,3.9,Jair Bolsonaro,Internet
2019-05-30,IDEIA Big Data,0.36,0.32,0.32,1000,3.0,0.0,Jair Bolsonaro,Internet
2019-06-01,Ipespe,0.34,0.28,0.35,1000,3.2,3.0,Jair Bolsonaro,CATI
2019-06-15,Ibpad,0.401,0.22399999999999998,0.355,1045,3.3,2.1,Jair Bolsonaro,CATI
2019-06-26,Ibope,0.32,0.32,0.32,2000,2.0,3.0,Jair Bolsonaro,Presencial
2019-06-27,IDEIA Big Data,0.35,0.34,0.31,1000,3.0,0.0,Jair Bolsonaro,Internet
2019-06-30,Atlas,0.304,0.298,0.374,2000,2.0,2.4,Jair Bolsonaro,Internet
2019-07-01,Ipespe,0.34,0.28,0.35,1000,3.2,4.0,Jair Bolsonaro,CATI
2019-07-11,IDEIA Big Data,0.35,0.34,0.31,1000,3.0,0.0,Jair Bolsonaro,Internet
2019-07-25,IDEIA Big Data,0.34,0.35,0.31,1000,3.0,0.0,Jair Bolsonaro,Internet
2019-07-25,Paraná,0.42,0.252,0.312,1565,2.0,1.5,Jair Bolsonaro,CATI
2019-07-27,Datafolha,0.33,0.3,0.33,2800,2.0,4.0,Jair Bolsonaro,Presencial
2019-07-29,Atlas,0.31,0.27399999999999997,0.39299999999999996,2000,2.0,2.3,Jair Bolsonaro,Internet
2019-08-01,Ibpad,0.384,0.29600000000000004,0.28800000000000003,1036,3.3,3.2,Jair Bolsonaro,CATI
2019-08-02,Ipespe,0.33,0.27,0.38,1000,3.2,2.0,Jair Bolsonaro,CATI
2019-08-08,IDEIA Big Data,0.34,0.32,0.31,1000,3.0,3.0,Jair Bolsonaro,Internet
2019-08-18,Instituto FSB,0.3,0.33,0.35,2000,2.0,2.0,Jair Bolsonaro,CATI
2019-08-21,Ranking Brasil,0.4437,0.2716,0.1704,2400,2.5,11.4,Jair Bolsonaro,CATI
2019-08-22,IDEIA Big Data,0.35,0.31,0.31,1000,3.0,3.0,Jair Bolsonaro,Internet
2019-08-25,MDA,0.294,0.29100000000000004,0.395,2002,2.2,2.0,Jair Bolsonaro,Presencial
2019-08-26,Vox Populi,0.23,0.35,0.4,1987,2.2,2.0,Jair Bolsonaro,Presencial
2019-08-30,Datafolha,0.29,0.3,0.38,2878,2.0,3.0,Jair Bolsonaro,Presencial
2019-08-31,Ibpad,0.368,0.263,0.34600000000000003,1008,3.3,2.3,Jair Bolsonaro,CATI
2019-09-01,Ipespe,0.3,0.27,0.41,1000,3.2,2.0,Jair Bolsonaro,CATI
2019-09-05,IDEIA Big Data,0.29,0.31,0.38,1000,3.0,2.0,Jair Bolsonaro,Internet
2019-09-19,IDEIA Big Data,0.36,0.29,0.31,1000,3.0,4.0,Jair Bolsonaro,Internet
2019-09-22,Ibope,0.31,0.32,0.34,2000,2.0,3.0,Jair Bolsonaro,Presencial
2019-09-23,Orbis,0.511,0.105,0.384,3056,1.8,,Jair Bolsonaro,IVR
2019-09-27,Ibpad,0.35200000000000004,0.29100000000000004,0.32,1011,3.3,3.6,Jair Bolsonaro,CATI
2019-10-03,IDEIA Big Data,0.34,0.28,0.34,1000,3.0,4.0,Jair Bolsonaro,Internet
2019-10-07,Instituto Methodus,0.31,0.29,0.4,800,3.5,3.6,Jair Bolsonaro,CATI
2019-10-11,Ipespe,0.33,0.27,0.38,1000,3.2,2.0,Jair Bolsonaro,CATI
2019-10-14,Instituto FSB,0.33,0.28,0.35,2000,2.0,2.0,Jair Bolsonaro,CATI
2019-10-15,Paraná,0.371,0.254,0.36,1002,3.0,1.5,Jair Bolsonaro,CATI
2019-10-17,IDEIA Big Data,0.31,0.32,0.34,1000,3.0,3.0,Jair Bolsonaro,Internet
2019-10-31,IDEIA Big Data,0.35,0.27,0.35,1000,3.0,3.0,Jair Bolsonaro,Internet
2019-11-01,Ibpad,0.309,0.22899999999999998,0.42,1042,3.0,4.0,Jair Bolsonaro,CATI
2019-11-08,Ipespe,0.35,0.25,0.39,1000,3.2,2.0,Jair Bolsonaro,CATI
2019-11-11,Atlas,0.27399999999999997,0.29600000000000004,0.42100000000000004,2000,2.0,0.9,Jair Bolsonaro,Internet
2019-11-14,IDEIA Big Data,0.4,0.26,0.3,1000,3.0,4.0,Jair Bolsonaro,Internet
2019-11-15,Quaest,0.26,0.36,0.36,1000,3.1,2.0,Jair Bolsonaro,Internet
2019-11-16,INCT/IDDC,0.25,0.24,0.495,2009,2.2,2.5,Jair Bolsonaro,Presencial
2019-11-28,IDEIA Big Data,0.37,0.27,0.32,1000,3.0,4.0,Jair Bolsonaro,Internet
2019-12-02,Instituto FSB,0.31,0.31,0.35,2000,2.0,3.0,Jair Bolsonaro,CATI
2019-12-06,Datafolha,0.3,0.32,0.36,2948,2.0,2.0,Jair Bolsonaro,Presencial
2019-12-08,Ibope,0.29,0.31,0.38,2000,2.0,3.0,Jair Bolsonaro,Presencial
2019-12-08,Ibpad,0.307,0.303,0.345,2005,2.2,4.5,Jair Bolsonaro,CATI
2019-12-12,IDEIA Big Data,0.34,0.28,0.34,1000,3.0,4.0,Jair Bolsonaro,Internet
2019-12-15,Quaest,0.29,0.36,0.32,1000,3.1,2.0,Jair Bolsonaro,Internet
2019-12-15,Vox Populi,0.22,0.35,0.42,1900,2.2,3.0,Jair Bolsonaro,Presencial
2019-12-20,Paraná,0.493,0.253,0.233,1546,2.5,2.1,Jair Bolsonaro,CATI
2019-12-26,IDEIA Big Data,0.36,0.3,0.3,1000,3.0,4.0,Jair Bolsonaro,Internet
2020-01-09,IDEIA Big Data,0.38,0.28,0.3,1000,3.0,4.0,Jair Bolsonaro,Internet
2020-01-15,Ipespe,0.32,0.28,0.39,1000,3.0,1.0,Jair Bolsonaro,CATI
2020-01-18,MDA,0.345,0.321,0.31,2002,2.2,2.4,Jair Bolsonaro,Presencial
2020-01-23,IDEIA Big Data,0.3,0.32,0.34,1000,3.0,4.0,Jair Bolsonaro,Internet
2020-01-30,Ranking Brasil,0.4325,0.25170000000000003,0.2492,2400,2.5,4.75,Jair Bolsonaro,CATI
2020-02-01,Ibpad,0.34299999999999997,0.31,0.32,1022,3.1,4.5,Jair Bolsonaro,CATI
2020-02-06,IDEIA Big Data,0.39,0.3,0.28,1000,3.0,3.0,Jair Bolsonaro,Internet
2020-02-09,Atlas,0.294,0.309,0.37799999999999995,2000,2.0,1.9,Jair Bolsonaro,Internet
2020-02-10,Instituto FSB,0.36,0.31,0.31,2000,2.0,2.0,Jair Bolsonaro,CATI
2020-02-13,IDEIA Big Data,0.39,0.3,0.27,1633,4.0,3.0,Jair Bolsonaro,Internet
2020-02-18,Ipespe,0.34,0.29,0.36,1000,3.0,2.0,Jair Bolsonaro,CATI
2020-02-20,IDEIA Big Data,0.37,0.31,0.29,1000,3.0,3.0,Jair Bolsonaro,Internet
2020-03-05,IDEIA Big Data,0.39,0.3,0.26,1555,4.0,5.0,Jair Bolsonaro,Internet
2020-03-05,Quaest,0.3,0.34,0.35,1000,3.1,1.0,Jair Bolsonaro,Internet
2020-03-18,Atlas,0.256,0.331,0.41,2000,2.0,0.3,Jair Bolsonaro,Internet
2020-03-18,Ipespe,0.3,0.32,0.36,1000,3.0,3.0,Jair Bolsonaro,CATI
2020-03-19,IDEIA Big Data,0.37,0.28,0.2,1555,4.0,5.0,Jair Bolsonaro,Internet
2020-03-19,Instituto FSB,0.36,0.34,0.26,1000,2.0,3.0,Jair Bolsonaro,CATI
2020-03-24,Ranking Brasil,0.4325,0.2733,0.2492,1700,2.5,4.75,Jair Bolsonaro,CATI
2020-03-25,IDEIA Big Data,0.34,0.26,0.36,1555,4.0,4.0,Jair Bolsonaro,Internet
2020-03-25,Quaest,0.28,0.29,0.4,1000,3.1,0.0,Jair Bolsonaro,Internet
2020-03-27,Instituto FSB,0.32,0.3,0.34,1000,2.0,3.0,Jair Bolsonaro,CATI
2020-04-01,IDEIA Big Data,0.32,0.28,0.37,1555,4.0,3.0,Jair Bolsonaro,Internet
2020-04-01,Ipespe,0.28,0.27,0.42,1000,3.2,3.0,Jair Bolsonaro,CATI
2020-04-05,Quaest,0.31,0.24,0.45,1000,3.1,3.0,Jair Bolsonaro,Internet
2020-04-05,Ranking Brasil,0.3025,0.2733,0.3583,1700,2.5,4.75,Jair Bolsonaro,CATI
2020-04-08,IDEIA Big Data,0.34,0.29,0.34,1555,4.0,3.0,Jair Bolsonaro,Internet
2020-04-15,Ipespe,0.3,0.26,0.4,1000,3.2,3.0,Jair Bolsonaro,CATI
2020-04-15,PoderData,0.36,0.28,0.33,2500,2.0,3.0,Jair Bolsonaro,IVR
2020-04-15,Vox Populi,0.35,0.24,0.38,1900,2.2,3.0,Jair Bolsonaro,CATI
2020-04-22,Ipespe,0.31,0.26,0.42,1000,3.2,2.0,Jair Bolsonaro,CATI
2020-04-24,Ipespe,0.31,0.24,0.42,800,3.5,3.0,Jair Bolsonaro,CATI
2020-04-26,Atlas,0.20800000000000002,0.28300000000000003,0.49200000000000005,2000,2.0,1.7,Jair Bolsonaro,Internet
2020-04-26,Quaest,0.2,0.3,0.48,1000,3.1,3.0,Jair Bolsonaro,Internet
2020-04-27,Datafolha,0.33,0.26,0.38,1503,3.0,3.0,Jair Bolsonaro,CATI
2020-04-29,Paraná,0.318,0.273,0.39399999999999996,2006,2.0,1.6,Jair Bolsonaro,CATI
2020-04-29,PoderData,0.29,0.26,0.4,2500,2.0,5.0,Jair Bolsonaro,IVR
2020-04-30,IDEIA Big Data,0.28,0.27,0.41,1500,3.0,4.0,Jair Bolsonaro,Internet
2020-04-30,Ipespe,0.27,0.24,0.49,1000,3.2,1.0,Jair Bolsonaro,CATI
2020-04-30,Renascença,0.31,0.28,0.37,1503,3.1,4.0,Jair Bolsonaro,CATI
2020-05-02,Ranking Brasil,0.2975,0.25170000000000003,0.44329999999999997,1700,2.5,4.75,Jair Bolsonaro,CATI
2020-05-04,Instituto FSB,0.28,0.24,0.45,2000,2.0,3.0,Jair Bolsonaro,CATI
2020-05-07,IDEIA Big Data,0.27,0.26,0.43,1500,3.0,4.0,Jair Bolsonaro,Internet
2020-05-10,MDA,0.32,0.22899999999999998,0.434,2002,2.2,1.0,Jair Bolsonaro,CATI
2020-05-13,PoderData,0.3,0.27,0.39,2500,2.0,4.0,Jair Bolsonaro,IVR
2020-05-14,IDEIA Big Data,0.25,0.27,0.44,1500,3.0,4.0,Jair Bolsonaro,Internet
2020-05-17,Offerwise,0.32,0.249,0.396,1000,3.2,3.6,Jair Bolsonaro,Internet
2020-05-19,Ipespe,0.25,0.23,0.5,1000,3.2,2.0,Jair Bolsonaro,CATI
2020-05-21,Atlas,0.23,0.19,0.58,2000,2.0,0.0,Jair Bolsonaro,Internet
2020-05-21,IDEIA Big Data,0.24,0.25,0.47,1500,3.0,4.0,Jair Bolsonaro,Internet
2020-05-22,Orbis,0.298,0.15,0.526,2681,1.89,2.7,Jair Bolsonaro,IVR
2020-05-24,Datafolha,0.32,0.23,0.44,2016,2.0,2.0,Jair Bolsonaro,CATI
2020-05-25,Paraná,0.4,0.203,0.376,1585,2.5,2.1,Jair Bolsonaro,CATI
2020-05-26,Datafolha,0.33,0.22,0.43,2069,2.0,2.0,Jair Bolsonaro,CATI
2020-05-26,Ranking Brasil,0.26289999999999997,0.28350000000000003,0.42060000000000003,1700,2.5,3.3,Jair Bolsonaro,CATI
2020-05-27,Ipespe,0.26,0.23,0.49,1000,3.2,2.0,Jair Bolsonaro,CATI
2020-05-27,PoderData,0.28,0.23,0.44,2500,2.0,5.0,Jair Bolsonaro,IVR
2020-06-04,IDEIA Big Data,0.25,0.22,0.5,1500,3.0,3.0,Jair Bolsonaro,Internet
2020-06-05,INCT/IDDC,0.242,0.255,0.503,2009,3.1,0.0,Jair Bolsonaro,CATI
2020-06-05,Orbis,0.311,0.13699999999999998,0.525,4032,1.54,2.6,Jair Bolsonaro,IVR
2020-06-10,PoderData,0.28,0.2,0.47,2500,2.0,5.0,Jair Bolsonaro,IVR
2020-06-11,Ipespe,0.28,0.22,0.48,1000,3.2,2.0,Jair Bolsonaro,CATI
2020-06-13,Offerwise,0.35100000000000003,0.215,0.41600000000000004,1000,3.2,1.8,Jair Bolsonaro,Internet
2020-06-15,Vox Populi,0.31,0.23,0.44,1900,2.2,2.0,Jair Bolsonaro,CATI
2020-06-17,Quaest,0.21,0.23,0.54,1000,3.1,2.0,Jair Bolsonaro,Internet
2020-06-24,PoderData,0.29,0.2,0.48,2500,2.0,3.0,Jair Bolsonaro,IVR
2020-06-25,IDEIA Big Data,0.29,0.19,0.49,1500,3.0,3.0,Jair Bolsonaro,Internet
2020-06-30,Atlas,0.25,0.18,0.56,2000,2.0,0.0,Jair Bolsonaro,Internet
2020-07-08,PoderData,0.29,0.2,0.46,2500,2.0,5.0,Jair Bolsonaro,IVR
2020-07-10,IDEIA Big Data,0.3,0.21,0.45,1500,3.0,4.0,Jair Bolsonaro,Internet
2020-07-15,Ipespe,0.3,0.24,0.45,1000,3.2,2.0,Jair Bolsonaro,CATI
2020-07-17,Offerwise,0.337,0.242,0.397,1000,3.2,2.8,Jair Bolsonaro,Internet
2020-07-21,Paraná,0.34299999999999997,0.258,0.38,2030,2.0,2.0,Jair Bolsonaro,CATI
2020-07-22,PoderData,0.3,0.23,0.43,2500,2.0,4.0,Jair Bolsonaro,IVR
2020-08-05,PoderData,0.32,0.25,0.41,2500,2.0,4.0,Jair Bolsonaro,IVR
2020-08-12,Datafolha,0.37,0.27,0.34,2065,2.0,2.0,Jair Bolsonaro,CATI
2020-08-13,IDEIA Big Data,0.32,0.29,0.37,1500,3.0,2.0,Jair Bolsonaro,Internet
2020-08-15,Ipespe,0.37,0.23,0.37,1000,3.2,3.0,Jair Bolsonaro,CATI
2020-08-19,PoderData,0.38,0.23,0.35,2500,2.0,4.0,Jair Bolsonaro,IVR
2020-08-21,Paraná,0.24,0.28600000000000003,0.45,1544,2.0,2.0,Jair Bolsonaro,CATI
2020-08-24,Atlas,0.3,0.22,0.46,2000,2.0,0.0,Jair Bolsonaro,Internet
2020-08-24,Offerwise,0.375,0.24100000000000002,0.353,1000,3.2,3.0,Jair Bolsonaro,Internet
2020-08-31,IDEIA Big Data,0.39,0.2,0.39,1235,3.0,2.0,Jair Bolsonaro,Internet
2020-09-02,PoderData,0.39,0.24,0.34,2500,2.0,3.0,Jair Bolsonaro,IVR
2020-09-10,IDEIA Big Data,0.35,0.3,0.35,1235,3.0,2.0,Jair Bolsonaro,Internet
2020-09-12,Ipespe,0.39,0.24,0.36,1000,3.2,2.0,Jair Bolsonaro,CATI
2020-09-16,PoderData,0.38,0.25,0.34,2500,2.0,3.0,Jair Bolsonaro,IVR
2020-09-20,Ibope,0.4,0.29,0.29,2000,2.0,2.0,Jair Bolsonaro,Presencial
2020-09-24,Quaest,0.27,0.3,0.41,1000,3.1,2.0,Jair Bolsonaro,Internet
2020-09-30,PoderData,0.38,0.27,0.3,2500,2.0,5.0,Jair Bolsonaro,IVR
2020-10-05,Offerwise,0.349,0.262,0.365,1000,3.2,2.5,Jair Bolsonaro,Internet
2020-10-08,IDEIA Big Data,0.36,0.25,0.37,1200,3.0,2.0,Jair Bolsonaro,Internet
2020-10-11,Ipespe,0.39,0.28,0.31,1000,3.2,2.0,Jair Bolsonaro,CATI
2020-10-13,Paraná,0.387,0.272,0.321,2006,2.0,2.0,Jair Bolsonaro,CATI
2020-10-14,PoderData,0.4,0.25,0.33,2500,2.0,2.0,Jair Bolsonaro,IVR
2020-10-22,IDEIA Big Data,0.37,0.27,0.34,1200,3.0,2.0,Jair Bolsonaro,Internet
2020-10-24,MDA,0.41200000000000003,0.303,0.272,2002,2.2,1.0,Jair Bolsonaro,Presencial
2020-10-28,PoderData,0.38,0.23,0.35,2500,2.0,4.0,Jair Bolsonaro,IVR
2020-11-03,IDEIA Big Data,0.37,0.27,0.35,1200,3.0,1.0,Jair Bolsonaro,Internet
2020-11-05,IDEIA Big Data,0.37,0.27,0.33,1200,3.0,3.0,Jair Bolsonaro,Internet
2020-11-09,Offerwise,0.309,0.275,0.4,1000,3.2,1.6,Jair Bolsonaro,Internet
2020-11-11,PoderData,0.36,0.21,0.4,2500,2.0,3.0,Jair Bolsonaro,IVR
2020-11-20,Ipespe,0.37,0.28,0.34,1000,3.2,2.0,Jair Bolsonaro,CATI
2020-11-22,Atlas,0.31,0.21,0.46,1746,2.0,2.0,Jair Bolsonaro,Internet
2020-11-25,PoderData,0.36,0.19,0.4,2500,2.0,5.0,Jair Bolsonaro,IVR
2020-12-01,Paraná,0.37200000000000005,0.244,0.373,2030,2.0,2.0,Jair Bolsonaro,CATI
2020-12-08,Ibope,0.35,0.3,0.33,2000,2.0,2.0,Jair Bolsonaro,Presencial
2020-12-09,Ipespe,0.38,0.25,0.35,1000,3.2,2.0,Jair Bolsonaro,CATI
2020-12-09,PoderData,0.37,0.2,0.4,2500,2.0,3.0,Jair Bolsonaro,IVR
2020-12-10,Datafolha,0.37,0.29,0.32,2016,2.0,3.0,Jair Bolsonaro,CATI
2020-12-23,PoderData,0.39,0.17,0.42,2500,2.0,2.0,Jair Bolsonaro,IVR
2021-01-06,PoderData,0.35,0.18,0.44,2500,2.0,3.0,Jair Bolsonaro,IVR
2021-01-14,Ipespe,0.32,0.26,0.4,1000,3.2,2.0,Jair Bolsonaro,CATI
2021-01-20,PoderData,0.35,0.2,0.43,2500,2.0,2.0,Jair Bolsonaro,IVR
2021-01-21,Datafolha,0.32,0.26,0.4,2030,2.0,2.0,Jair Bolsonaro,CATI
2021-01-21,IDEIA Big Data,0.27,0.26,0.45,1200,3.0,2.0,Jair Bolsonaro,Internet
2021-01-24,Atlas,0.28,0.19,0.53,3073,2.0,0.0,Jair Bolsonaro,Internet
2021-01-26,Paraná,0.33299999999999996,0.254,0.396,2002,2.0,2.0,Jair Bolsonaro,CATI
2021-01-29,IDEIA Big Data,0.29,0.24,0.42,1200,3.0,5.0,Jair Bolsonaro,Internet
2021-02-03,PoderData,0.33,0.22,0.41,2500,2.0,4.0,Jair Bolsonaro,IVR
2021-02-04,Ipespe,0.3,0.25,0.42,1000,3.2,3.0,Jair Bolsonaro,CATI
2021-02-10,MDA,0.33,0.3,0.36,2002,2.2,1.4,Jair Bolsonaro,Presencial
2021-02-12,IDEIA Big Data,0.31,0.24,0.43,1200,3.0,2.0,Jair Bolsonaro,Internet
2021-02-17,PoderData,0.31,0.18,0.48,2500,2.0,4.0,Jair Bolsonaro,IVR
2021-02-23,Ipec,0.28,0.31,0.39,2002,2.0,2.0,Jair Bolsonaro,Presencial
2021-02-23,Ipespe,0.31,0.24,0.42,800,3.5,3.0,Jair Bolsonaro,CATI
2021-02-25,IDEIA Big Data,0.3,0.25,0.43,1200,3.0,2.0,Jair Bolsonaro,CATI
2021-03-01,Paraná,0.34,0.237,0.406,2002,2.0,2.0,Jair Bolsonaro,CATI
2021-03-03,PoderData,0.31,0.18,0.47,2500,2.0,4.0,Jair Bolsonaro,IVR
2021-03-10,Atlas,0.25,0.18,0.57,3721,2.0,0.0,Jair Bolsonaro,Internet
2021-03-11,Ipespe,0.3,0.24,0.45,1000,3.2,1.0,Jair Bolsonaro,CATI
2021-03-16,Datafolha,0.22,0.24,0.54,2023,2.0,1.0,Jair Bolsonaro,CATI
2021-03-16,Offerwise,0.26899999999999996,0.218,0.495,1000,3.2,2.0,Jair Bolsonaro,Internet
2021-03-17,PoderData,0.24,0.23,0.52,3500,1.8,1.0,Jair Bolsonaro,IVR
2021-03-24,IDEIA Big Data,0.25,0.22,0.49,1255,3.0,4.0,Jair Bolsonaro,CATI
2021-03-31,Ipespe,0.27,0.24,0.48,1000,3.2,1.0,Jair Bolsonaro,CATI
2021-03-31,PoderData,0.26,0.19,0.53,3500,1.8,2.0,Jair Bolsonaro,IVR
2021-04-14,PoderData,0.26,0.18,0.55,3500,1.8,1.0,Jair Bolsonaro,IVR
2021-04-22,IDEIA Big Data,0.23,0.24,0.52,1200,3.0,1.0,Jair Bolsonaro,CATI
2021-04-27,INCT/IDDC,0.22399999999999998,0.27,0.495,2031,2.2,1.0,Jair Bolsonaro,Presencial
2021-04-28,PoderData,0.26,0.19,0.51,2500,2.0,4.0,Jair Bolsonaro,IVR
2021-05-04,Paraná,0.32,0.235,0.431,2508,2.0,1.3,Jair Bolsonaro,CATI
2021-05-07,IDEIA Big Data,0.24,0.23800000000000002,0.5,1200,2.0,,Jair Bolsonaro,CATI
2021-05-07,Ipespe,0.29,0.2,0.49,1000,3.2,2.0,Jair Bolsonaro,CATI
2021-05-09,Atlas,0.31,0.15,0.53,3828,2.0,0.0,Jair Bolsonaro,Internet
2021-05-12,Datafolha,0.24,0.3,0.45,2071,2.0,2.0,Jair Bolsonaro,Presencial
2021-05-12,PoderData,0.28,0.19,0.51,2500,2.0,2.0,Jair Bolsonaro,IVR
2021-05-16,Vox Populi,0.22,0.3,0.48,2000,2.2,0.0,Jair Bolsonaro,CATI
2021-05-20,IDEIA Big Data,0.24,0.22,0.5,1200,3.0,3.0,Jair Bolsonaro,CATI
2021-05-26,PoderData,0.28,0.13,0.55,2500,2.0,4.0,Jair Bolsonaro,IVR
2021-06-04,Ranking Brasil,0.2737,0.19030000000000002,0.51,3000,2.5,2.6,Jair Bolsonaro,CATI
2021-06-06,IDEIA Big Data,0.26,0.23,0.49,1252,3.0,2.0,Jair Bolsonaro,CATI
2021-06-09,PoderData,0.3,0.17,0.52,2500,2.0,1.0,Jair Bolsonaro,IVR
2021-06-10,Ipespe,0.26,0.22,0.5,1000,3.2,2.0,Jair Bolsonaro,CATI
2021-06-15,Paraná,0.316,0.215,0.455,2040,2.0,2.0,Jair Bolsonaro,Presencial
2021-06-21,Ipec,0.23,0.26,0.5,2002,2.0,1.0,Jair Bolsonaro,Presencial
2021-06-23,PoderData,0.28,0.19,0.5,2500,2.0,3.0,Jair Bolsonaro,IVR
2021-06-24,IDEIA Big Data,0.25,0.19,0.54,1200,3.0,2.0,Jair Bolsonaro,CATI
2021-07-01,IDEIA Big Data,0.23,0.21,0.54,1248,3.0,3.0,Jair Bolsonaro,CATI
2021-07-03,MDA,0.27699999999999997,0.22699999999999998,0.48200000000000004,2002,2.2,1.4,Jair Bolsonaro,Presencial
2021-07-04,Quaest,0.26,0.28,0.44,1500,2.2,2.0,Jair Bolsonaro,Presencial
2021-07-06,PoderData,0.26,0.17,0.55,2500,2.0,3.0,Jair Bolsonaro,IVR
2021-07-07,Ipespe,0.25,0.21,0.52,1000,3.2,2.0,Jair Bolsonaro,CATI
2021-07-07,Ranking Brasil,0.26,0.20199999999999999,0.511,3000,2.5,2.7,Jair Bolsonaro,CATI
2021-07-08,Datafolha,0.24,0.24,0.51,2074,2.0,1.0,Jair Bolsonaro,Presencial
2021-07-08,IDEIA Big Data,0.2,0.22,0.57,1200,3.0,1.0,Jair Bolsonaro,CATI
2021-07-15,IDEIA Big Data,0.26,0.2,0.51,1200,3.0,1.0,Jair Bolsonaro,CATI
2021-07-21,PoderData,0.26,0.15,0.56,2500,2.0,3.0,Jair Bolsonaro,IVR
2021-07-28,Paraná,0.304,0.213,0.475,2010,2.0,0.7,Jair Bolsonaro,Presencial
2021-07-29,Atlas,0.257,0.154,0.588,2884,3.0,0.0,Jair Bolsonaro,Internet
2021-08-01,Quaest,0.26,0.27,0.44,1500,3.0,3.0,Jair Bolsonaro,Presencial
2021-08-04,PoderData,0.29,0.11,0.55,2500,2.0,5.0,Jair Bolsonaro,IVR
2021-08-13,Ipespe,0.23,0.2,0.54,1000,3.2,2.0,Jair Bolsonaro,CATI
2021-08-18,PoderData,0.28,0.13,0.56,2500,2.0,3.0,Jair Bolsonaro,IVR
2021-08-29,Quaest,0.24,0.26,0.48,2000,3.0,2.0,Jair Bolsonaro,Presencial
2021-09-01,PoderData,0.25,0.14,0.55,2500,2.0,6.0,Jair Bolsonaro,IVR
2021-09-04,Atlas,0.239,0.135,0.612,3146,3.0,1.4,Jair Bolsonaro,Internet
2021-09-15,Datafolha,0.22,0.24,0.53,3667,2.0,1.0,Jair Bolsonaro,Presencial
2021-09-15,PoderData,0.27,0.14,0.56,2500,2.0,3.0,Jair Bolsonaro,IVR
2021-09-20,Ipec,0.22,0.23,0.53,2002,2.0,1.0,Jair Bolsonaro,Presencial
2021-09-20,Ranking Brasil,0.275,0.17300000000000001,0.53,4000,2.5,2.2,Jair Bolsonaro,CATI
2021-09-24,Ipespe,0.23,0.18,0.55,1000,3.2,4.0,Jair Bolsonaro,CATI
2021-09-29,PoderData,0.25,0.15,0.58,2500,2.0,2.0,Jair Bolsonaro,IVR
